"Reference","Value","Footprint","Datasheet","Qty","DNP"
"BT1","21700 5000mah","BISTOOK_BATTERY_HOLDER_21700:BISTOOK_BATTERY_HOLDER_21700","~","1",""
"CBT11,CSW11,CU1,CU2,CU3,CU45,CU53,CU66,CU67,CU611","100n","Capacitor_SMD:C_0402_1005Metric,Capacitor_SMD:C_0603_1608Metric","~","10",""
"CBT12,CU5,CU41,CU44,LU61","1u","Capacitor_SMD:C_0402_1005Metric,Capacitor_SMD:C_0603_1608Metric,Inductor_SMD:L_Sunlord_MWSA0603S","~","5",""
"CU6,CU31,CU32,CU42,CU43,CU52","10u","Capacitor_SMD:C_0603_1608Metric","~","6",""
"CU62,CU63,CU612","47u","Capacitor_SMD:C_1210_3225Metric","~","3",""
"CU64","2.2u","Capacitor_SMD:C_0603_1608Metric","~","1",""
"CU65","47p","Capacitor_SMD:C_0603_1608Metric","~","1",""
"CU68","47n","Capacitor_SMD:C_0603_1608Metric","~","1",""
"CU71","100P","Capacitor_SMD:C_0603_1608Metric","~","1",""
"CU101","10n","Capacitor_SMD:C_0402_1005Metric","~","1",""
"CY11,CY12","20p","Capacitor_SMD:C_0402_1005Metric","~","2",""
"D1,D2","RED","LED_SMD:LED_0603_1608Metric","~","2",""
"D3","XHP50.3_HD","LED_SMD:LED_Cree-XHP50_6V","http://www.cree.com/%7E/media/Files/Cree/LED%20Components%20and%20Modules/XLamp/Data%20and%20Binning/ds%20XHP50.pdf","1","DNP"
"J1","USB_C_Receptacle","12401832E402A:AMPHENOL_12401832E402A","https://www.usb.org/sites/default/files/documents/usb_type-c.zip","1",""
"J2","LED+","Connector_Wire:SolderWire-0.25sqmm_1x01_D0.65mm_OD2mm","~","1",""
"J3","LED-","Connector_Wire:SolderWire-0.25sqmm_1x01_D0.65mm_OD2mm","~","1",""
"RD1,RD2","470","Resistor_SMD:R_0402_1005Metric","~","2",""
"RJ11,RJ12","5.1k","Resistor_SMD:R_0402_1005Metric","~","2",""
"RSW21","1000k","Resistor_SMD:R_0402_1005Metric","~","1",""
"RSW22,RU41,RU42,RU43,RU44","10k","Resistor_SMD:R_0402_1005Metric,Resistor_SMD:R_0603_1608Metric_Pad0.98x0.95mm_HandSolder","~","5",""
"RU11,RU12,RU64,RU101","4.7k","Resistor_SMD:R_0402_1005Metric,Resistor_SMD:R_0603_1608Metric_Pad0.98x0.95mm_HandSolder","~","4",""
"RU45","13k","Resistor_SMD:R_0603_1608Metric_Pad0.98x0.95mm_HandSolder","~","1",""
"RU46","300","Resistor_SMD:R_0603_1608Metric_Pad0.98x0.95mm_HandSolder","375","1",""
"RU53","0","Resistor_SMD:R_0603_1608Metric_Pad0.98x0.95mm_HandSolder","~","1",""
"RU61","470k","Resistor_SMD:R_0603_1608Metric_Pad0.98x0.95mm_HandSolder","~","1",""
"RU62","118k","Resistor_SMD:R_0603_1608Metric_Pad0.98x0.95mm_HandSolder","~","1",""
"RU63","24k","Resistor_SMD:R_0603_1608Metric_Pad0.98x0.95mm_HandSolder","~","1",""
"RU65","110k","Resistor_SMD:R_0603_1608Metric_Pad0.98x0.95mm_HandSolder","~","1",""
"RU66","270k","Resistor_SMD:R_0603_1608Metric_Pad0.98x0.95mm_HandSolder","~","1",""
"RU71","10K","Resistor_SMD:R_0603_1608Metric_Pad0.98x0.95mm_HandSolder","~","1",""
"RU72","50","Resistor_SMD:R_0603_1608Metric_Pad0.98x0.95mm_HandSolder","~","1",""
"RU81","10m","","~","1",""
"SW1","RESET","TS-1187A-B-A-B:TS1187ABAB","~","1",""
"SW2","BOOT0","TS-1187A-B-A-B:TS1187ABAB","~","1",""
"TP1","STAT1","TestPoint:TestPoint_Pad_D1.0mm","~","1",""
"TP2","STAT2","TestPoint:TestPoint_Pad_D1.0mm","~","1",""
"TP3","INT1","TestPoint:TestPoint_Pad_D1.0mm","~","1",""
"TP4","INT2","TestPoint:TestPoint_Pad_D1.0mm","~","1",""
"TP5","VSENSE","TestPoint:TestPoint_Pad_D1.0mm","~","1",""
"TP6","FB","TestPoint:TestPoint_Pad_D1.0mm","~","1",""
"TP7","EN_BOOST","TestPoint:TestPoint_Pad_D1.0mm","~","1",""
"TP8","TEMP_ALERT","TestPoint:TestPoint_Pad_D1.0mm","~","1",""
"TP9","CURR_CTRL","TestPoint:TestPoint_Pad_D1.0mm","~","1",""
"U1","STM32F070F6Px","Package_SO:TSSOP-20_4.4x6.5mm_P0.65mm","https://www.st.com/resource/en/datasheet/stm32f070f6.pdf","1",""
"U2","SMF05CT1G","SMF05CT1G:SOT65P210X110-6N","","1",""
"U3","MCP1700x-250xxTT","Package_TO_SOT_SMD:SOT-23-3","http://ww1.microchip.com/downloads/en/DeviceDoc/20001826D.pdf","1",""
"U4","BQ25185DLHR","BQ25185DLHR:SON40P220X200X80-11N","https://www.ti.com/lit/ds/symlink/bq25185.pdf?ts=1706857561339&ref_url=https%253A%252F%252Fwww.ti.com%252Fproduct%252FBQ25185","1",""
"U5","MMA8452QR1","MMA8452QR1:PQFN50P300X300X100-16N","","1",""
"U6","TPS61088RHLR","TPS61088:IC_TPS61088RHLR","","1",""
"U7","LTC721XT5/R6","LTC721XT5R6:SOT-23-5_L2.9-W1.6-P0.95-LS2.8-BL","","1",""
"U8","INA180A1","Package_TO_SOT_SMD:SOT-23-5","http://www.ti.com/lit/ds/symlink/ina180.pdf","1",""
"U9","MCP4017T-103E/LT","Package_TO_SOT_SMD:SOT-363_SC-70-6","http://ww1.microchip.com/downloads/en/DeviceDoc/22147a.pdf","1",""
"U10","TMP102xxDRL","Package_TO_SOT_SMD:SOT-563","https://www.ti.com/lit/ds/symlink/tmp102.pdf","1",""
"Y1","8MHz 20pf","Crystal:Crystal_SMD_5032-2Pin_5.0x3.2mm","~","1",""
